popSize, train, test (avg over 10 runs each)
10,0.05792,0.15280
20,0.05706,0.16308
30,0.04707,0.14528
40,0.04286,0.14533
50,0.05568,0.13219
60,0.03594,0.09461
70,0.04816,0.15662
80,0.04511,0.12990
90,0.03821,0.15217
100,0.04859,0.11209
110,0.03843,0.12880
